tile,c0,c1,c2,c3,c4,c5
x228_y1920,108376,42080,6287,10,2995,252
x228_y1916,93386,60367,1834,1494,2280,639
x232_y1920,128268,22455,5281,5,535,3456
x232_y1916,139859,3110,7496,57,7808,1670
x224_y1920,120991,26414,174,14,6013,6394
x228_y1924,94690,44855,7674,12029,120,632
x224_y1916,102272,683,34500,592,14450,7503
x232_y1924,124905,23641,5923,3891,1232,408
x224_y1924,100043,35514,2518,164,18048,3713
x228_y1912,140096,1161,1134,6158,1924,9527
x236_y1920,150925,1204,1434,3845,729,1863
x232_y1912,121823,3145,15429,575,643,18385
x236_y1916,155004,760,1274,890,607,1465
x224_y1912,99068,2731,30002,1096,15305,11798
x236_y1924,88351,460,65473,402,4555,759
x220_y1920,112295,10804,3600,331,21998,10972
x228_y1928,114635,13172,9068,10515,4545,8065
x220_y1916,96001,12002,22028,4935,9554,15480
x232_y1928,127232,9430,6245,9375,3946,3772
x236_y1912,120180,1654,13794,305,124,23943
x220_y1924,136843,9370,1158,1022,6461,5146
x224_y1928,144207,1730,5800,330,7040,893
x228_y1908,75419,9295,23701,0,5461,46124
x240_y1920,115116,5154,10740,1735,22462,4793
x220_y1912,97396,6376,1202,4937,12459,37630
x232_y1908,45187,721,90263,299,1861,21669
x236_y1928,149107,378,5235,23,3665,1592
x240_y1916,141258,783,3648,87,10715,3509
x224_y1908,77454,300,24,0,36222,46000
x240_y1924,135659,1336,13615,2191,2238,4961
x220_y1928,117323,6820,26411,2804,1898,4744
x216_y1920,84235,5043,4543,373,41474,24332
x228_y1932,117581,692,6951,0,30977,3799
x236_y1908,72109,1575,1443,1870,2461,80542
x240_y1912,106701,1146,467,7545,2442,41699
x216_y1916,61355,1641,1754,54487,6357,34406
x232_y1932,138502,2611,1387,4,15392,2104
x216_y1924,119781,18271,7494,749,2348,11357
x224_y1932,116424,6601,28063,156,4899,3857
x220_y1908,120145,700,22,2286,15251,21596
x240_y1928,92732,1201,58475,141,4207,3244
x216_y1912,60225,0,42,49363,1297,49073
x236_y1932,146260,94,1961,561,9413,1711
x228_y1904,68797,122,13880,801,10723,65677
x244_y1920,97811,0,367,130,42086,19606
x232_y1904,66521,6555,15457,12643,9009,49815
x244_y1916,139537,327,579,1072,5292,13193
x240_y1908,90064,1222,0,152,4096,64466
x216_y1928,72491,5918,62192,6,10360,9033
x220_y1932,111362,18823,21087,3,4060,4665
x224_y1904,60841,0,258,0,13345,85556
x244_y1924,134733,561,734,327,16368,7277
x236_y1904,66528,197,868,6,5436,86965
x244_y1912,110703,464,3,2604,3249,42977
x212_y1920,57275,3708,217,81758,7020,10022
x216_y1908,67840,6042,24,1633,6777,77684
x228_y1936,100528,737,38412,3033,14618,2672
x240_y1932,133153,3897,9249,12,9741,3948
x212_y1916,92057,1881,720,17,4903,60422
x232_y1936,130309,6012,405,291,16340,6643
x220_y1904,78460,2329,1384,323,7957,69547
x244_y1928,104732,745,25426,473,12387,16237
x212_y1924,85719,6699,3190,23933,4038,36421
x224_y1936,131270,6158,4020,382,2605,15565
x212_y1912,54406,1527,0,18,9030,95019
x216_y1932,114420,17757,18192,1506,3355,4770
x236_y1936,135098,147,829,2,14560,9364
x240_y1904,77004,4285,3839,26,5757,69089
x244_y1908,66269,1606,1023,283,6235,84584
x228_y1900,48959,4437,2815,60,31619,72110
x248_y1920,98645,30,1,74,22111,39139
x212_y1928,75852,5327,33020,316,2719,42766
x220_y1936,140081,6795,8286,103,780,3955
x232_y1900,38122,5406,21928,49,33364,61131
x248_y1916,116953,14,713,355,3004,38961
x224_y1900,21555,1062,516,1,39881,96985
x248_y1924,124171,309,1067,378,8617,25458
x216_y1904,77520,162,463,825,10007,71023
x244_y1932,118470,822,28199,1269,1960,9280
x212_y1908,47248,610,0,0,3880,108262
x236_y1900,37286,3331,11246,39,31358,76740
x240_y1936,130989,5170,352,613,4662,18214
x248_y1912,79358,0,691,1621,7092,71238
x208_y1920,56370,4015,0,21597,5316,72702
x220_y1900,41430,3892,26,266,7755,106631
x228_y1940,108950,126,8029,72,25890,16933
x248_y1928,96747,6823,12167,140,8007,36116
x208_y1916,87828,7388,16,1,4140,60627
x232_y1940,100087,1730,13178,262,18522,26221
x244_y1904,60460,3451,2705,0,18142,75242
x212_y1932,90459,11346,29002,1390,15108,12695
x216_y1936,128657,4595,3866,5559,2501,14822
x208_y1924,82057,186,0,23882,8361,45514
x224_y1940,111359,863,3347,1453,11676,31302
x240_y1900,36244,0,0,0,35971,87785
x248_y1908,46771,0,661,0,11605,100963
x208_y1912,50171,0,0,29,1353,108447
x236_y1940,90868,418,244,258,21998,46214
x212_y1904,34048,1133,6,0,1526,123287
x244_y1936,92908,1170,591,1214,19865,44252
x208_y1928,68926,25615,505,0,3343,61611
x220_y1940,108950,16729,10741,3893,3026,16661
x216_y1900,41607,4859,33,99,28901,84501
x228_y1896,44721,15185,3698,1699,20263,74434
x248_y1932,99164,251,0,1757,4183,54645
x252_y1920,77294,184,0,102,8819,73601
x232_y1896,34706,1370,0,0,54500,69424
x252_y1916,74045,1940,651,1482,7994,73888
x224_y1896,37246,6972,407,15,16396,98964
x252_y1924,83253,1,24,3988,21263,51471
x208_y1908,30320,0,0,0,1772,127908
x240_y1940,94599,311,413,30,11832,52815
x212_y1936,133079,3971,8336,1,9301,5312
x236_y1896,29554,473,0,1878,41975,86120
x252_y1912,70871,1791,349,587,8129,78273
x244_y1900,62231,2892,4068,13299,3355,74155
x248_y1904,60990,25,1146,24,15251,82564
x208_y1932,33904,11693,68180,0,2022,44201
x216_y1940,94806,504,44020,868,1881,17921
x220_y1896,31322,2917,0,19,9457,116285
x252_y1928,115103,0,2619,4031,10448,27799
x204_y1920,57673,1514,0,0,5011,95802
x228_y1944,50894,319,12417,239,15915,80216
x204_y1916,48107,656,0,0,2569,108668
x232_y1944,51900,1994,76453,22,9259,20372
x204_y1924,47391,2811,0,0,3626,106172
x212_y1900,66906,3148,15,8655,6287,74989
x224_y1944,111304,362,5513,73,1855,40893
x240_y1896,23604,1212,0,71,28197,106916
x248_y1936,75376,4472,96,386,3775,75895
x252_y1908,60984,0,19969,1485,30055,47507
x208_y1904,29495,0,0,128,1445,128932
x244_y1940,72406,0,0,234,27996,59364
x204_y1912,53824,702,0,0,1182,104292
x236_y1944,85015,0,371,934,14274,59406
x216_y1896,23771,6349,0,129,2359,127392
x252_y1932,70615,0,259,281,6307,82538
x204_y1928,57805,846,3511,264,6900,90674
x220_y1944,101935,1416,130,790,9924,45805
x248_y1900,47360,40123,221,4104,6494,61698
x208_y1936,34720,347,93177,3004,2002,26750
x212_y1940,93267,2073,2,1505,1289,61864
x228_y1892,36062,1865,0,74,5382,116617
x256_y1920,70045,2993,0,357,2463,84142
x232_y1892,48231,351,791,33,6709,103885
x256_y1916,62250,0,3319,113,15045,79273
x204_y1908,32591,1087,0,0,602,125720
x240_y1944,98710,3963,241,939,15483,40664
x224_y1892,39208,2080,889,461,1939,115423
x244_y1896,22705,3248,4,0,2327,131716
x252_y1904,68936,948,1528,301,16725,71562
x256_y1924,61407,0,0,1521,9174,87898
x236_y1892,32329,2860,0,162,3447,121202
x256_y1912,74448,1064,2414,2303,9609,70162
x204_y1932,52954,4348,10841,0,1159,90698
x216_y1944,76937,188,0,5127,3225,74523
x208_y1900,24596,0,0,162,1725,133517
x248_y1940,86264,0,0,1135,6912,65689
x220_y1892,30566,2471,0,377,1420,125166
x256_y1928,80998,9,2340,26,6077,70550
x212_y1896,52909,3049,0,64,1541,102437
x252_y1936,76359,75,28,227,5299,78012
x200_y1920,34205,2206,0,0,3433,120156
x228_y1948,66546,0,0,249,2865,90340
x200_y1916,44762,1771,0,0,1348,112119
x204_y1904,23862,49,0,65,4470,131554
x232_y1948,78854,29725,463,5900,21233,23825
x240_y1892,25093,2064,0,0,4613,128230
x244_y1944,68590,0,0,1371,10648,79391
x256_y1908,46978,46,0,748,15139,97089
x200_y1924,37035,3207,0,974,3495,115289
x224_y1948,61850,0,201,3117,4989,89843
x208_y1940,91742,4334,13343,369,3245,46967
x200_y1912,49059,196,0,0,1919,108826
x236_y1948,79567,3092,3897,4160,3697,65587
x248_y1896,70752,0,1684,0,11658,75906
x252_y1900,59785,1434,5,57,14676,84043
x216_y1892,31469,1901,0,2027,9317,115286
x256_y1932,67549,0,10331,2116,4076,75928
x204_y1936,72002,767,647,0,3816,82768
x212_y1944,53803,0,89,3187,5953,96968
x200_y1928,66629,3025,0,43,1671,88632
x220_y1948,91977,3052,0,410,3457,61104
x244_y1892,38885,1234,0,133,5674,114074
x256_y1904,42473,2008,20,44,4506,110949
x200_y1908,19028,1516,4203,0,2701,132552
x228_y1888,40700,4634,0,2010,3465,109191
x240_y1948,77931,0,17,17094,11022,53936
x260_y1920,27398,640,0,2089,1753,128120
x208_y1896,84841,0,950,2694,2312,69203
x232_y1888,36535,2909,0,93,4266,116197
x252_y1940,76075,0,0,768,5653,77504
x260_y1916,44433,397,0,0,10730,104440
x204_y1900,41042,566,95,313,654,117330
x224_y1888,21519,2410,0,271,5091,130709
x248_y1944,78827,0,0,352,23983,56838
x260_y1924,44257,0,0,5532,3356,106855
x200_y1932,46192,4285,4144,67,404,104908
x216_y1948,56270,0,0,2248,4852,96630
x236_y1888,62378,116,0,186,6167,91153
x260_y1912,62983,0,1338,11,8159,87509
x212_y1892,37728,3034,0,392,2039,116807
x256_y1936,58934,0,0,217,11279,89570
x220_y1888,21896,70,0,40,45365,92629
x260_y1928,54258,0,0,728,7644,97370
x252_y1896,51171,1918,0,27,6745,100139
x200_y1904,28358,0,46004,85,1484,84069
x204_y1940,89427,2832,5779,1495,4069,56398
x208_y1944,61147,163,0,2184,11618,84888
x244_y1948,56654,0,0,330,5011,98005
x240_y1888,35033,3380,0,331,4953,116303
x260_y1908,40006,0,12458,444,9558,97534
x196_y1920,14662,1490,0,0,1041,142807
x228_y1952,63942,2468,0,4638,2007,86945
x248_y1892,62011,32,0,0,11053,86904
x256_y1900,30954,5275,0,148,2842,120781
x196_y1916,31354,4163,0,0,836,123647
x232_y1952,86146,64,0,1609,4924,67257
x196_y1924,24529,1582,0,4,3509,130376
x224_y1952,56147,0,1836,280,23345,78392
x200_y1936,46032,12,100,5,2680,111171
x212_y1948,53966,436,1,316,3939,101342
x216_y1888,19813,3052,0,399,1157,135579
x260_y1932,82251,0,855,297,8360,68237
x196_y1912,27522,3734,0,2,863,127879
x236_y1952,51697,2946,1025,651,3414,100267
x204_y1896,33665,0,0,63,2105,124167
x252_y1944,54917,0,550,539,7768,96226
x196_y1928,36709,3139,0,0,2728,117424
x208_y1892,54826,1201,0,256,1826,101891
x220_y1952,83416,0,889,324,26512,48859
x256_y1940,74453,0,0,825,8997,75725
x244_y1888,19282,2159,0,0,2035,136524
x260_y1904,40080,3351,0,79,12390,104100
x200_y1900,29928,0,9,153,245,129665
x248_y1948,37347,0,0,678,7136,114839
x196_y1908,12747,2393,0,0,635,144225
x240_y1952,71804,327,0,482,13088,74299
x228_y1884,26721,2756,0,357,2052,128114
x264_y1920,21389,2561,0,1670,419,133961
x232_y1884,26801,504,0,66,2415,130214
x264_y1916,51483,1897,0,119,18051,88450
x204_y1944,28291,208,0,1213,5695,124593
x212_y1888,37729,0,6,24,1990,120251
x224_y1884,12739,1325,0,283,1284,144369
x260_y1936,60482,0,0,353,12297,86868
x264_y1924,38969,61,0,1081,3510,116379
x196_y1932,45727,300,26104,0,3366,84503
x216_y1952,101182,0,0,2331,25728,30759
x252_y1892,58060,759,616,0,10364,90201
x256_y1896,27525,3923,20,7,6807,121718
x236_y1884,38636,484,1933,28,1091,117828
x264_y1912,52638,0,5153,1064,12454,88691
x200_y1940,97893,1115,21546,4592,2330,32524
x208_y1948,36007,1,0,1129,6396,116467
x220_y1884,43024,0,0,683,17053,99240
x264_y1928,50547,0,0,3051,10753,95649
x196_y1904,26775,0,15066,2369,840,114950
x244_y1952,52852,496,40439,2244,3435,60534
x248_y1888,32941,1223,0,18,21479,104339
x260_y1900,37248,910,0,1,7818,114023
x240_y1884,29859,2816,0,1548,2828,122949
x264_y1908,52508,933,11649,995,6312,87603
x204_y1892,47149,36,653,596,3055,108511
x256_y1944,46722,0,0,379,14219,98680
x192_y1920,19997,1566,0,0,1954,136483
x200_y1896,27810,563,0,473,1269,129885
x228_y1956,47308,1879,0,743,3638,106432
x252_y1948,37404,0,185,164,5852,116395
x192_y1916,29935,4342,0,18,611,125094
x196_y1936,58330,1637,249,0,15186,84598
x212_y1952,49797,0,0,1169,24293,84741
x232_y1956,75849,0,384,379,7851,75537
x192_y1924,17678,1138,0,0,2062,139122
x216_y1884,26297,1203,0,540,4882,127078
x224_y1956,42783,0,0,75,11795,105347
x264_y1932,73121,0,3025,13007,12864,57983
x208_y1888,32590,0,0,74,1886,125450
x260_y1940,39583,370,0,17,6844,113186
x192_y1912,17637,3285,0,0,1360,137718
x236_y1956,46920,0,0,1086,319,111675
x192_y1928,32454,1073,10,0,2905,123558
x196_y1900,28737,0,0,78,1506,129679
x220_y1956,40360,3493,0,972,3013,112162
x244_y1884,24994,1414,0,68,3045,130479
x248_y1952,30816,0,4911,215,16518,107540
x264_y1904,50738,0,0,62,31288,77912
x256_y1892,45957,0,0,0,13671,100372
x200_y1944,47952,0,0,799,2071,109178
x204_y1948,29557,0,0,1433,2832,126178
x192_y1908,13416,1542,0,0,1302,143740
x240_y1956,40094,0,0,964,3041,115901
x252_y1888,61178,0,0,0,29806,69016
x260_y1896,39006,1533,0,693,15721,103047
x212_y1884,24669,0,0,0,1706,133625
x264_y1936,33898,1065,0,1774,7011,116252
x228_y1880,28094,0,0,0,2076,129830
x268_y1920,17567,0,6,6159,479,135789
x196_y1940,60541,415,5850,801,1784,90609
x208_y1952,24682,382,0,355,2004,132577
x232_y1880,53854,1,3832,609,7141,94563
x268_y1916,21795,10209,0,1151,3814,123031
x192_y1932,49985,1169,16,121,2644,106065
x216_y1956,65245,0,0,680,51214,42861
x224_y1880,48029,0,0,15,13928,98028
x268_y1924,28959,3138,0,1711,2920,123272
x200_y1892,22216,0,0,0,3858,133926
x236_y1880,44625,0,0,2143,4152,109080
x256_y1948,36232,0,0,4102,7686,111980
x268_y1912,29420,718,275,0,2403,127184
x204_y1888,50831,0,342,796,1555,106476
x248_y1884,35567,3573,0,3,5520,115337
x260_y1944,57558,0,0,1113,7064,94265
x264_y1900,46877,0,0,62,36645,76416
x192_y1904,27493,2527,0,92,2909,126979
x244_y1956,63345,1377,292,670,13681,80635
x220_y1880,39243,0,0,142,22547,98068
x268_y1928,35172,0,1074,158,4801,118795
x196_y1896,21883,20,0,0,1390,136707
x252_y1952,27704,578,209,291,13101,118117
x240_y1880,34458,392,0,629,1920,122601
x268_y1908,49456,5995,0,217,3419,100913
x192_y1936,38024,0,13377,136,8239,100224
x212_y1956,64099,0,0,355,37831,57715
x208_y1884,24117,0,172,53,4723,130935
x264_y1940,44453,0,0,642,9321,105584
x188_y1920,22569,484,0,154,3504,133289
x200_y1948,23745,1092,0,901,2731,131531
x228_y1960,77480,2047,353,530,6768,72822
x188_y1916,25174,0,0,0,3582,131244
x232_y1960,51088,1153,38595,235,916,68013
x256_y1888,52374,1,0,0,30982,76643
x260_y1892,31429,4187,0,89,2844,121451
x268_y1932,59380,919,50,1324,9201,89126
x188_y1924,16938,1896,0,0,3293,137873
x224_y1960,54887,519,0,422,7567,96605
x196_y1944,62856,35,4444,2265,8539,81861
x204_y1952,27532,962,8,536,1075,129887
x188_y1912,18607,0,0,0,1528,139865
x192_y1900,17370,1802,2131,0,761,137936
x236_y1960,59644,0,475,2190,983,96708
x248_y1956,29670,0,0,11,10237,120082
x244_y1880,39335,585,0,472,2479,117129
x268_y1904,30205,3882,0,4748,7929,113236
x252_y1884,40278,0,0,0,14021,105701
x264_y1896,43388,0,0,0,45966,70646
x188_y1928,18099,2328,0,0,2095,137478
x220_y1960,25957,2151,0,388,1027,130477
x188_y1908,15462,2572,0,0,1124,140842
x200_y1888,107609,1101,481,58,4798,45953
x240_y1960,30794,0,23,1353,1287,126543
x260_y1948,50671,0,0,1762,4407,103160
x192_y1940,31771,0,0,126,5023,123080
x208_y1956,29512,0,0,1772,1888,126828
x212_y1880,20017,0,0,501,1154,138328
x268_y1936,54901,0,0,198,7154,97747
x196_y1892,30550,0,0,115,3930,125405
x256_y1952,52632,0,0,2993,8816,95559
x188_y1932,27146,155,0,0,2608,130091
x204_y1884,50670,0,343,0,22650,86337
x216_y1960,55921,0,0,460,18251,85368
x228_y1876,27751,0,0,14,2395,129840
x264_y1944,31660,786,0,503,3435,123616
x272_y1920,23310,896,0,1273,898,133623
x272_y1916,14642,1722,0,95,436,143105
x272_y1924,28886,572,0,177,2296,128069
x248_y1880,27504,0,0,1399,1302,129795
x268_y1900,48488,359,0,0,23736,87417
x192_y1896,30647,1474,0,7697,1554,118628
x236_y1876,68746,0,0,577,24682,65995
x252_y1956,33153,0,0,24,2798,124025
x272_y1912,32681,1624,0,5,9410,116280
x188_y1904,10091,1327,0,7,2240,146335
x244_y1960,25591,3499,23,340,1774,128773
x260_y1888,36889,822,0,22,12068,110199
x196_y1948,45714,2398,0,136,1733,110019
x200_y1952,27317,658,894,845,742,129544
x272_y1928,35503,85,0,35,4036,120341
x256_y1884,41815,0,0,0,17190,100995
x264_y1892,53963,0,0,46,16141,89850
x208_y1880,30019,0,0,12,7326,122643
x268_y1940,39319,0,0,1805,8456,110420
x188_y1936,20446,733,0,0,2400,136421
x212_y1960,84605,1918,112,6103,53054,14208
x240_y1876,81416,0,0,59,50954,27571
x272_y1908,44875,13765,365,2151,5351,93493
x192_y1944,66609,3374,15037,5864,5452,63664
x204_y1956,33577,11259,0,3260,2823,109081
x272_y1932,36825,0,0,1119,5697,116359
x184_y1920,16831,2110,0,0,9258,131801
x228_y1964,70734,2426,0,69,3827,82944
x184_y1916,20000,904,0,0,1847,137249
x232_y1964,48249,1790,1853,1322,2248,104538
x188_y1900,11008,1788,0,88,2356,144760
x248_y1960,75008,2792,0,149,13321,68730
x184_y1924,15525,343,0,0,3696,140436
x196_y1888,53752,0,0,607,3561,102080
x224_y1964,44578,749,0,744,1167,112762
x252_y1880,44836,444,0,1314,4879,108527
x260_y1952,49619,0,0,1355,4371,104655
x200_y1884,62655,0,12506,0,4530,80309
x264_y1948,37466,0,0,27,3542,118965
x184_y1912,24040,0,0,43,4014,131903
x236_y1964,88520,626,35,2143,6829,61847
x244_y1876,57214,0,0,262,13885,88639
x272_y1904,39291,2789,0,4330,9934,103656
x192_y1892,8344,0,0,0,298,151358
x256_y1956,52966,0,0,178,2278,104578
x184_y1928,20725,0,0,0,2616,136659
x220_y1964,26144,2311,0,14,519,131012
x188_y1940,15592,0,0,0,1927,142481
x208_y1960,36991,7791,12,985,10478,103743
x184_y1908,12395,793,0,0,2218,144594
x204_y1880,25752,0,0,0,6609,127639
x240_y1964,26837,3966,0,1259,2063,125875
x268_y1944,34375,0,0,514,1774,123337
x196_y1952,24484,1304,36,178,5083,128915
x260_y1884,55523,763,0,0,29501,74213
x264_y1888,39522,1072,0,1,16596,102809
x184_y1932,28564,491,0,1,6993,123951
x216_y1964,70416,314,0,1094,15319,72857
x188_y1896,12397,0,0,0,772,146831
x192_y1948,67728,209,2186,3012,5074,81791
x200_y1956,31358,662,1976,1265,3379,121360
x248_y1876,35762,0,0,0,3810,120428
x252_y1960,47230,0,0,65590,1753,45427
x272_y1900,39637,0,0,0,20941,99422
x276_y1920,32129,0,0,1792,1586,124493
x276_y1916,16851,698,0,1788,412,140251
x276_y1924,36001,0,0,2990,4838,116171
x184_y1904,12688,482,0,0,2266,144564
x244_y1964,25624,3787,4498,4422,1172,120497
x256_y1880,45656,0,0,3,4039,110302
x268_y1892,42983,0,0,0,35612,81405
x276_y1912,26803,4202,0,260,2568,126167
x208_y1876,18385,0,0,635,1795,139185
x276_y1928,43851,926,0,1013,6406,107804
x188_y1944,80191,45,838,59,3321,75546
x204_y1960,28582,537,0,906,2863,127112
x184_y1936,26980,0,0,420,4899,127701
x196_y1884,33973,62,85,173,4180,121527
x212_y1964,74422,239,6,1368,7816,76149
x192_y1888,42302,0,15,433,3452,113798
x240_y1872,48199,0,0,90,33920,77791
x260_y1956,35470,0,0,213,5363,118954
x276_y1908,42451,24151,14,945,5515,86924
x200_y1880,36908,0,100,43,3402,119547
x252_y1876,41629,0,0,0,9603,108768
x184_y1900,11530,0,0,0,483,147987
x248_y1964,38198,522,2,704,4201,116373
x180_y1920,16331,0,0,0,2311,141358
x228_y1968,47890,343,0,0,1459,110308
x180_y1916,20912,0,0,0,3298,135790
x188_y1892,15288,0,0,8,269,144435
x232_y1968,46165,0,0,1843,2366,109626
x256_y1960,19670,0,0,15231,1305,123794
x224_y1968,52698,2109,415,450,1860,102468
x276_y1904,26939,4877,9594,0,4228,114362
x236_y1968,52135,0,0,1614,1074,105177
x264_y1884,45315,0,0,0,36959,77726
x192_y1952,37086,0,3713,1206,9239,108756
x196_y1956,18376,1510,281,36,3799,135998
x184_y1940,42066,0,0,0,2961,114973
x208_y1964,59696,0,0,763,1122,98419
x204_y1876,28396,0,0,3,9366,122235
x220_y1968,40912,0,0,209,991,117888
x260_y1880,43559,0,0,0,15196,101245
x268_y1888,53685,0,0,0,22681,83634
x188_y1948,105898,14,660,2170,8083,43175
x200_y1960,28332,0,2,1744,1242,128680
x240_y1968,20984,0,0,30,1904,137082
x252_y1964,34900,64,0,50759,4537,69740
x216_y1968,62315,0,0,591,9657,87437
x248_y1872,69812,0,0,0,24597,65591
x276_y1900,15076,0,0,0,2007,142917
x256_y1876,54682,0,0,0,5053,100265
x192_y1884,31398,0,0,607,5588,122407
x264_y1956,38496,0,0,76,17175,104253
x196_y1880,35860,740,603,6,884,121907
x280_y1916,18791,1293,0,200,2017,137699
x244_y1968,26442,663,0,1529,271,131095
x188_y1888,29818,0,0,0,3143,127039
x260_y1960,30494,0,0,2896,2541,124069
x184_y1944,43646,0,0,30355,3915,82084
x204_y1964,24782,1608,0,583,372,132655
x280_y1912,33145,5654,0,31,1039,120131
x200_y1876,46430,0,15344,1104,7517,89605
x212_y1968,46867,0,8,271,2737,110117
x280_y1908,28538,2797,0,2,1118,127545
x252_y1872,66891,0,0,0,7215,85894
x264_y1880,45207,0,0,0,37355,77438
x268_y1884,44290,0,0,3,20129,95578
x256_y1964,24404,28,85,12988,271,122224
x248_y1968,36919,1570,9,495,5087,115920
x188_y1952,50586,0,0,11965,14997,82452
x196_y1960,18261,0,0,73,3249,138417
x228_y1972,43167,420,0,1784,3727,110902
x260_y1876,32916,0,0,0,6029,121055
x232_y1972,44959,13923,0,1745,4051,95322
x280_y1904,32553,1511,1520,2,4768,119646
x204_y1872,29163,0,0,49,2320,128468
x224_y1972,24278,1624,0,716,2372,131010
x208_y1968,44404,0,0,616,1226,113754
x236_y1972,30962,0,0,542,1320,127176
x184_y1948,32575,0,0,0,12028,115397
x200_y1964,20405,0,0,2261,904,136430
x192_y1880,25384,0,0,276,4817,129523
x220_y1972,59207,0,0,77,2347,98369
x188_y1884,25734,0,0,2871,5229,126166
x264_y1960,47303,0,0,3549,23182,85966
x240_y1972,27424,0,0,2964,977,128635
x252_y1968,62568,0,0,1989,7915,87528
x196_y1876,28608,0,17684,996,6954,105758
x280_y1900,3181,405,0,0,368,156046
x216_y1972,62404,0,0,841,8272,88483
x260_y1964,16994,0,0,2638,158,140210
x204_y1968,54867,0,0,220,2289,102624
x244_y1972,25068,0,0,847,587,133498
x284_y1916,45444,0,0,11434,5869,97253
x188_y1956,50340,0,0,12221,1537,95902
x192_y1960,26699,0,0,1296,3480,128525
x200_y1872,48282,0,0,139,8744,102835
x264_y1876,27829,0,0,0,2121,130050
x284_y1912,19574,1954,0,16,466,137990
x212_y1972,59966,0,0,1516,7561,90957
x184_y1952,62115,0,0,10362,14327,73196
x196_y1964,30790,0,0,1359,2701,125150
x256_y1968,24297,0,0,424,1629,133650
x284_y1908,25923,0,0,0,2856,131221
x248_y1972,35006,0,0,340,3062,121592
x188_y1880,20973,0,0,0,4883,134144
x192_y1876,30456,0,0,772,7198,121574
x200_y1968,45966,0,0,748,5249,108037
x184_y1884,18092,0,0,1344,2670,137894
x208_y1972,23504,0,0,676,400,135420
x228_y1976,30967,309,0,784,2584,125356
x284_y1904,40206,0,0,60,2662,117072
x232_y1976,50366,0,0,2197,2227,105210
x224_y1976,51004,0,0,1341,3501,104154
x236_y1976,77900,0,0,2726,2991,76383
x220_y1976,68720,0,0,2111,7916,81253
x260_y1968,23887,0,0,40,977,135096
x240_y1976,47615,0,0,537,4443,107405
x284_y1900,23078,0,0,0,2980,133942
x192_y1964,12110,0,0,671,1886,145333
x216_y1976,80949,0,0,1274,10050,67727
x204_y1972,46933,0,0,1967,4263,106837
x196_y1968,22554,0,0,6026,588,130832
x188_y1876,19651,0,0,3282,577,136490
x212_y1976,54354,0,0,559,9925,95162
x184_y1880,20057,0,0,3259,4503,132181
x200_y1972,55585,0,0,485,31385,72545
x232_y1980,37794,0,0,953,3026,118227
x192_y1968,15820,0,0,589,2355,141236
x236_y1980,42597,0,0,130,4024,113249
x196_y1972,22899,0,0,854,494,135753
