model,n_features,n,macro_f1,f1_1,prec_1,rec_1,f1_2,prec_2,rec_2,f1_3,prec_3,rec_3,f1_4,prec_4,rec_4,f1_5,prec_5,rec_5,resnonres_n,resnonres_macro_f1,nonres_f1_among_built,built_f1,product,coverage,ours_same_px_macro_f1,ours_same_px_resnonres_macro_f1
ours [ALL],181.0,393098,0.8975746144401666,0.9204916142212264,0.939340954942838,0.9023838749273209,0.7164949900362064,0.7594906580982982,0.6781065717473304,0.9961556269555091,0.9970089310790317,0.9953037822076429,0.9351041325135078,0.9324030202334143,0.9378209401632404,0.9196267084743833,0.8962841558042459,0.9442176258992806,88182,0.9127609686196877,0.8827414502576161,0.9154442679622535,ours [ALL],,,
,,393098,0.5865934987662438,0.0,0.0,0.0,0.0,0.0,0.0,0.9984323824986703,0.9968696721540569,1.0,0.9736785847896959,0.9628380163833348,0.984766040251527,0.9608565265428526,0.9374935833818144,0.9854136690647483,0,,,0.9382446719248196,Dynamic World 2023 (land cover),1.0,0.8975746144401666,0.9127609686196877
,,393098,0.563303777345673,0.0,0.0,0.0,0.0,0.0,0.0,0.99763991908294,0.9997466002196131,0.9955420977374043,0.9479144096538977,0.9308610881931477,0.9656042233473271,0.8709645579915274,0.776299028060273,0.9919244604316547,0,,,0.7826684672189983,ESA WorldCover 2021 (land cover),1.0,0.8975746144401666,0.9127609686196877
,,392042,0.24419583105773346,0.4900295262955197,0.7082817911924789,0.3745992803402028,0.15411068261649186,0.9637480798771121,0.08375160187953866,0.04236230194114823,0.9878438899552143,0.021645264397465374,0.0545955867489266,0.26563852388071446,0.030424281749035723,0.47988105768658085,0.3178804076229108,0.9786054880791722,33695,0.6536193368988158,0.4504271663435997,0.5022096030166857,GHS-BUILT-C 2018,0.997313646978616,0.8976948265408857,0.9134675958228362
,,61542,0.3231757157200009,0.7002938725382692,0.8412899146380018,0.5997746055597295,0.4992221103688112,0.619534355479841,0.4180396965284696,0.0,0.0,0.0,0.0,0.0,0.0,0.4163625956929241,0.26912227155012947,0.9193522906793049,16528,0.8085660309463836,0.7792857142857142,0.7402862069737756,WRI Intra-urban Land Use (2020),0.15655638034281527,0.8248540384026389,0.855309752952022
,,102692,0.16351614059794772,0.0,0.0,0.0,0.35395388252085097,0.8271836564519491,0.22514752610077168,0.0,0.0,0.0,0.0,0.0,0.0,0.46362682046888765,0.3260471115335008,0.8020707218302509,4669,0.4594187796688665,0.918837559337733,0.8420462713660896,Global Industrial Land 2023,0.26123765574996566,0.8483992503242452,0.8558666953380649
,,41978,0.505808131860586,0.5581061692969871,0.4690379812247007,0.6889310562934852,0.5852963300209826,0.5602546612096407,0.6126813095731455,0.7404853295166222,0.6483992252478068,0.8630573248407644,0.4706041539814627,0.49124293785310735,0.4516296584859109,0.17454867648687564,0.5987841945288754,0.10216517567742772,18605,0.6866009047827029,0.7193810520169335,0.8310441094360692,GULU / PPUL-Net (2020),0.10678762038982645,0.8244427014070828,0.82880388050552
,,393098,0.28284679512571664,0.12241803551240274,0.34682342301605246,0.07432650688028943,0.3372208185952501,0.2721518987341772,0.44318121447165704,0.40249295052550627,0.46958764813637893,0.35217427874505847,0.11461665830030493,0.3404245849837554,0.06890866831228266,0.43748551269511926,0.31902472810626736,0.6958812949640287,36308,0.5347431784600092,0.6895639594957635,0.4170097912539122,BigEarthNet v2 ResNet-50 (Europe-trained),1.0,0.8975746144401666,0.9127609686196877
,,368109,0.5052049695849083,0.5322748636797283,0.5453681284189759,0.5197955485657629,0.34308681251063716,0.304296330701347,0.3932118956876632,0.6534096211691566,0.6470780605715911,0.6598663128742732,0.4845843221806863,0.5236216953091828,0.4509637870141368,0.5126692283843328,0.49847446789074634,0.5276961163546341,66513,0.6290508638093124,0.5325448596801398,0.6978010449233093,SenCLIP ViT-B/32 zero-shot (WACV 2025),0.9364306101786323,0.8986496113161785,0.9153152463728066
,,46672,0.3796517694808254,0.5251368076509998,0.6067123611439376,0.46289784509963033,0.5385649922668281,0.48226651412055155,0.6097449562238295,0.2502354365666622,0.9055501460564752,0.14517639712769279,0.3422253074176914,0.28634251576501824,0.4252094627895515,0.24209630350194553,0.23357578601595494,0.25126198889449775,17955,0.724944447344997,0.7689870379260682,0.7284714474084593,EULUC-Globe 2024 (parcel),0.11872866308147077,0.8281516195117218,0.8352474504325165
