,0
B11,0.13448036947728162
ndvi_7,0.08712702713399717
cnt_15,0.08052506959844706
cnt_7,0.04604463379755269
A42,0.0399591217711262
bldg_area_31,0.03388157354356822
cnt_31,0.033011584383569444
A46,0.024161629923358952
A50,0.023611594168234606
bldg_h_31,0.022619484609792538
B8,0.022440347316657245
bldg_area_61,0.020636235497826633
ndvi,0.01700458812615562
A00,0.013490487068336885
mndwi_7,0.013221106707102711
A51,0.01265539212802225
A46_15,0.01136327372354837
viirs_61,0.011361446350982261
bldg_h_61,0.010539907762442942
cov_15,0.00946283642711138
A20,0.009380575738636075
A55,0.009087309711333529
A15,0.008711681169704139
A36_15,0.008601550159277827
viirs,0.007197249412519915
viirs_31,0.006958876041156584
cov_7,0.006838006551619707
viirs_7,0.006426630358624218
B12,0.0063224627244030576
A08,0.00623687570920012
h_sd_15,0.00584879210968113
ndbi_61,0.005808520398116009
A20_15,0.0057629716236699356
cnt_61,0.005587468158833724
b8_sd_15,0.0053288184491610815
A00_15,0.0053040336558130095
A52,0.005276618414061507
mndwi_61,0.005109286488439324
A54_15,0.004983403790226388
A07,0.004510271440842308
